Set,precision,recall,fscore
seeds AdaBoost estymator=8 Fold:10,0.5408816992469857,0.43566489829636385,0.4243164234275698
seeds AdaBoost estymator=8 Fold:8,0.5423593827355575,0.4354692493712788,0.42393388935618376
seeds AdaBoost estymator=8 Fold:5,0.5436501640810808,0.43543079091443915,0.42375411696343696
seeds AdaBoost estymator=5 Fold:10,0.5518817046217221,0.4343344159587634,0.4215904831594611
seeds AdaBoost estymator=5 Fold:8,0.5536857853508954,0.43404538304287316,0.42108254739449547
seeds AdaBoost estymator=5 Fold:5,0.5552946729444662,0.43394594503047607,0.4208025637325651
seeds AdaBoost estymator=3 Fold:10,0.5661731688737929,0.43275661866581017,0.4183113280887397
seeds AdaBoost estymator=3 Fold:8,0.5686872889132959,0.4325934141877892,0.41787468874676004
seeds AdaBoost estymator=3 Fold:5,0.5706285856380509,0.4322600949894268,0.4172963742061525
